,Rank,ChannelName,Category,Subscribers,Country,Views,Likes,Comments
0,1,tseries,T-Series,249.5M,India,100.6K,4K,79
1,2,MrBeast,MrBeast,184.5M,United States,105.8M,4.5M,16.5K
2,3,CoComelon,Cocomelon - Nursery Rhymes,165.5M,,7.2M,23.6K,0
3,4,SETIndia,SET India,162.5M,India,14.3K,164,8
4,5,KidsDianaShow,✿ Kids Diana Show,114.5M,,4.3M,12.4K,0
5,613,PewDiePie,PewDiePie,111.5M,United States,2.6M,203.8K,4.8K
6,7,LikeNastyaofficial,Like Nastya,107.5M,,2.8M,31.1K,0
7,8,VladandNiki,Vlad and Niki,101.5M,,4.2M,16.8K,0
8,9,zeemusiccompany,Zee Music Company,99.8M,India,58.5K,2.3K,31
9,10,WWE,WWE,97.2M,United States,200.8K,6.5K,228
10,1165,BLACKPINK,BLACKPINK,91.4M,United States,918.1K,151K,3.6K
11,12,GoldminesTelefilms,Goldmines,89.9M,India,34.9K,388,13
12,13,SonySAB,Sony SAB,85.5M,India,36.2K,636,22
13,14,5MinuteCraftsYouTube,5-Minute Crafts,80.4M,India,167K,712,34
14,1538,BTS,BANGTANTV,76.5M,India,1.4M,208.7K,6.7K
15,162072,HYBELABELS,HYBE LABELS,72.7M,United States,422.1K,31.1K,1K
16,17,zeetv,Zee TV,72.7M,India,6.9K,205,1
17,18,Pinkfong,Pinkfong Baby Shark - Kids' Songs & Stories,69.7M,,519K,351,0
18,19,ChuChuTV,ChuChu TV Nursery Rhymes & Kids Songs,67.7M,,1.1M,27.2K,0
19,20,colorstv,Colors TV,66.8M,India,13.2K,405,2
20,21,KondZilla,Canal KondZilla,66.6M,Brazil,31.5K,1.1K,4
21,22,filmigaane,Shemaroo Filmi Gaane,66.4M,India,31.9K,369,19
22,23,TSeriesBhaktiSagar,T-Series Bhakti Sagar,62.7M,India,26.6K,993,38
23,24,tipsofficial,Tips Official,61.1M,India,80.5K,912,22
24,25,ElReinoInfantil,El Reino Infantil,59.9M,,420.7K,1.8K,0
25,26,MOVIECLIPS,Movieclips,59.9M,United States,9.8K,152,2
26,278,dudeperfect,Dude Perfect,59.7M,United States,5.2M,149.1K,3.4K
27,28,aajtak,Aaj Tak,58.9M,India,7.4K,220,4
28,29,WaveMusicIndia,Wave Music,58.9M,,38.1K,1.1K,57
29,30,SonyMusicIndia,Sony Music India,57.9M,India,25.8K,816,21
30,31,marshmello,Marshmello,56.7M,United States,200.5K,11.1K,257
31,32,yrf,YRF,55.9M,India,56.8K,1.8K,30
32,33,infobellshindirhymes,Infobells - Hindi,55.9M,,1.2M,24.4K,0
33,34,LooLooKids,LooLoo Kids - Nursery Rhymes and Children's Songs,54.8M,United States,743.3K,2K,0
34,35104,TaylorSwift,Taylor Swift,54.1M,United States,4.6M,306.4K,15K
35,36,EdSheeran,Ed Sheeran,53.7M,United States,141.2K,13.2K,384
36,37,BillionSurpriseToys,BillionSurpriseToys  - Nursery Rhymes & Cartoons,53.3M,,795.7K,0,0
37,38,shemaroo,Shemaroo,49M,India,24K,171,7
38,39128,JuegaGerman,JuegaGerman,48.6M,Mexico,3.4M,179.6K,3.8K
39,40405,BillieEilish,Billie Eilish,48.6M,United States,234.2K,29K,526
40,41,getmovies,Get Movies,48.1M,,67.2K,272,0
41,42,sonymusicindiaVEVO,SonyMusicIndiaVEVO,47.6M,India,24.3K,374,18
42,434,A4a4a4a4,A4,47.4M,Russia,9.9M,334.5K,17K
43,44,badabunOficial,Badabun,47M,Mexico,6.6K,255,4
44,45,HarPalGeoOfficial,HAR PAL GEO,46.6M,Pakistan,11.3K,321,2
45,46,ARYDigitalasia,ARY Digital HD,46.2M,Pakistan,26.6K,620,6
46,47,vootkids,Voot Kids,46M,,549.9K,3.4K,0
47,4861,felipeneto,Felipe Neto,45.6M,Brazil,897.2K,83.6K,1.7K
48,49,abscbnentertainment,ABS-CBN Entertainment,45M,Philippines,3.2K,44,1
49,5077,vcsabiavideos,Você Sabia?,45M,Brazil,610.1K,41.1K,624
50,51,BRIGHTSIDEOFFICIAL,BRIGHT SIDE,44.6M,United States,21.9K,410,21
51,52,KatyPerry,Katy Perry,44.4M,,111.6K,7.9K,184
52,53633,Shakira,Shakira,44.4M,United States,137.3K,10.4K,237
53,54,whindersson,whinderssonnunes,44.4M,Brazil,175.2K,30.1K,171
54,55,MashaBearRUSSIAN,Маша и Медведь,44.2M,,625.3K,4.5K,0
55,56,Alanwalkermusic,Alan Walker,44M,United States,137.7K,8.6K,213
56,57,MashaBearEN,Masha and The Bear,43.7M,,806.9K,7.8K,0
57,582,Mikecrack,Mikecrack,43.5M,Mexico,1.9M,152.9K,1.4K
58,59,toysandcolors,Toys and Colors,43.1M,,1.2M,2.2K,0
59,60,speedrecords,Speed Records,42.9M,India,24.1K,1.2K,31
60,61,LikeNastya_Show,Like Nastya Show,42.5M,,638.7K,1.8K,0
61,62,IshtarMusic,Ishtar Music,42.3M,India,36K,1.1K,9
62,6326,KimberlyLoaiza,Kimberly Loaiza,42.2M,Mexico,3.7M,214.4K,13.5K
63,646,luisitocomunica,Luisito Comunica,41.1M,Mexico,2.5M,104.5K,1.8K
64,65,LittleBabyBum,Little Baby Bum - Nursery Rhymes & Kids Songs,41M,,102K,172,0
65,66,shfa2,shfa2 - شفا,40.6M,,645.3K,5.4K,0
66,673,CarryMinati,CarryMinati,40.3M,India,0,0,0
67,68,luccastoon,LUCCAS NETO - LUCCAS TOON,40.1M,Brazil,381.8K,13K,0
68,69,SuperSimpleSongs,Super Simple Songs - Kids Songs,39.9M,,784.5K,7.9K,0
69,70226,JessNoLimit,Jess No Limit,39.7M,Indonesia,1.4M,69.3K,1.1K
70,71,SonyPAL,Sony PAL,39.5M,India,21.7K,233,9
71,72,xxxtentacion,XXXTENTACION,39.5M,United States,250.5K,29.2K,2.8K
72,73,WorkpointOfficial,WorkpointOfficial,39.4M,Thailand,8.4K,206,1
73,74,gr6explode,GR6 EXPLODE,39.3M,Brazil,109.1K,4.5K,341
74,75,GaaneSuneAnsune,Goldmines Gaane Sune Ansune,39.2M,India,34.5K,225,9
75,76,TEDx,TEDx Talks,39.2M,United States,181,3,0
76,77,shfa-1,shfa,39.1M,France,5.2M,51K,0
77,78,vladvaniki1,Vlad và Niki,38.7M,,630.7K,2.2K,0
78,79,LikeNastya_ESP,Like Nastya ESP,38.3M,,429.5K,1.8K,0
79,80,TheEllenShow,TheEllenShow,38.3M,United States,22.3K,369,17
80,81,DaddyYankee,Daddy Yankee,38.3M,Colombia,94.7K,7.2K,133
81,82,one31official,ช่อง one31,38.1M,Thailand,5K,127,1
82,83,ABPNEWS,ABP NEWS,38.1M,India,2.5K,58,1
83,84,MariaClaraeJP,Maria Clara & JP,37.7M,,2.1M,12.7K,0
84,85,YouTube,YouTube,37.5M,United States,115.2K,3.2K,382
85,86,PowerKidstv,PowerKids TV,37.4M,India,37.2K,0,0
86,873220,Jkk_Entertainment,Jkk Entertainment,37.3M,India,2.7M,22.5K,402
87,88,UltraBollywood,Ultra Bollywood,37.3M,India,30K,222,11
88,89,SaregamaMusic,Saregama Music,37.1M,India,25.6K,679,28
89,9035,RicisOfficial1795,Ricis Official,37.1M,Indonesia,345.9K,26.7K,435
90,9120,beterbocuk,BETER BÖCÜK,37M,India,1M,53.5K,250
91,92,brunomars,Bruno Mars,37M,United States,254.2K,23K,802
92,93,LaGranjaDeZenon,La Granja de Zenón,36.8M,,799.7K,6.7K,0
93,94,IndiaTV,IndiaTV,36.7M,India,13.5K,244,3
94,95,tseriesoldisgold,T-Series Bollywood Classics,36.5M,India,39.9K,1.5K,7
95,96,Ozuna,Ozuna,36.3M,United States,26.3K,2.3K,64
96,9727,TotalGaming093,Total Gaming,36.3M,India,1.5M,135.6K,3K
97,98,GenevievesPlayhouse,Genevieve's Playhouse - Learning Videos for Kids,35.7M,,718.4K,890,0
98,999,TechnoGamerzOfficial,Techno Gamerz,35.7M,India,6.1M,326.2K,16K
99,100,RyansWorld,Ryan's World,35.5M,,343.2K,1.9K,0
100,10130,markiplier,Markiplier,35.5M,United States,1.9M,131.7K,4.3K
101,102,tseriesapnapunjab,T-Series Apna Punjab,35M,India,20.9K,576,22
102,103,JingleToons,Jingle Toons,35M,India,126.1K,717,0
103,104922,YOLOAVENTURAS,YOLO AVENTURAS,34.8M,Mexico,974.6K,62K,88
104,1051490,thedonato,TheDonato,34.8M,Mexico,627.5K,40.5K,321
105,106,GeetMP3,Geet MP3,34.5M,India,1.2M,32.1K,2.3K
106,107,starplus,StarPlus,34.4M,India,12.4K,302,7
107,108,Rajshri,Rajshri,34.2M,India,13.7K,119,3
108,109,jbalvin,J Balvin,34.2M,Colombia,17.9K,1.7K,61
109,11057,SSSniperWolf,SSSniperWolf,34.2M,United States,1.2M,34.5K,2.2K
110,111,selenagomez,Selena Gomez,34M,United States,427K,29.8K,1.4K
111,112,vegetta777,VEGETTA777,34M,Mexico,153.7K,16K,181
112,113,Ch3Thailand,Ch3Thailand,33.9M,Thailand,26K,337,6
113,114,NoCopyrightSounds,NoCopyrightSounds,33.6M,United States,210.4K,7.1K,378
114,115,KHANDESHIMOVIES,KHANDESHI MOVIES,33.5M,India,785.6K,6.7K,125
115,116,babybus,BabyBus - Kids Songs and Cartoons,33.4M,,293.8K,632,0
116,117,DisneyMusicVEVO,DisneyMusicVEVO,33.2M,United States,129.8K,2K,97
117,118117,PANDABOI,PANDA BOI,33.2M,India,4.9M,128.9K,220
118,119,WowKidz1,WowKidz,33.1M,,18K,99,0
119,1202410,KarolG,KAROL G,33M,Colombia,79.9K,2.8K,165
120,121,erosentertainment,Eros Now Music,33M,India,8.5K,103,5
121,122,gmanetwork,GMA  Network,33M,Philippines,2.5K,83,1
122,12334,AboFlah,AboFlah,32.8M,Iraq,3.7M,359.1K,6.7K
123,12411,MRINDIANHACKER,MR. INDIAN HACKER,32.8M,India,8M,698.7K,30.5K
124,125339,LucasandMarcus,Lucas and Marcus,32.8M,United States,723K,23.7K,452
125,1262619,FrostDiamond,Frost Diamond,32.7M,Indonesia,331.5K,13.6K,380
126,127,MrBean,Mr Bean,32.4M,India,165.9K,1.8K,67
127,1289,fedevigevani,Fede Vigevani,32.3M,Mexico,7.9M,416.2K,19.7K
128,129,WorldwideRecordsBhojpuri,Worldwide Records Bhojpuri,32.2M,India,72.7K,2.7K,25
129,13096,rezendeevil,rezendeevil,32.2M,Brazil,405.9K,15.9K,157
130,131,PeppaPigOfficial,Peppa Pig - Official Channel,32.2M,,118.4K,580,0
131,132,zeenews,Zee News,32.2M,India,14.7K,246,6
132,133,SMTOWN,SMTOWN,32.2M,United States,123.4K,10.9K,442
133,13446,dream,Dream,31.9M,United States,3.5M,315.9K,20K
134,135,GENIALBrightSideSpanish,GENIAL,31.8M,Mexico,14.8K,522,21
135,136,luisfonsi,Luis Fonsi,31.6M,United States,17.4K,1.5K,59
136,13725,zhong,Zhong,31.4M,United States,1.4M,56.2K,431
137,138307,MrBeast2,MrBeast 2,31.4M,United States,88.8M,5.3M,12.2K
138,139,fallontonight,The Tonight Show Starring Jimmy Fallon,31.2M,United States,75.5K,1.4K,98
139,140,dianaandromaesp331,Diana and Roma ESP,31.2M,,304.4K,785,0
140,14125,ShortsBreak_Official,Shorts Break,31.1M,India,9.1M,539.8K,793
141,142,vladnikihindi,व्लाद और निकिता,31.1M,,488.8K,1.8K,0
142,143,ImagineDragons,ImagineDragons,31M,United States,82.2K,11.3K,223
143,14415,enaldinho,Enaldinho,30.7M,Brazil,1.8M,61.1K,875
144,145,AttaHalilintar,AH,30.6M,Indonesia,162.4K,7.7K,110
145,146,toyoraljanahtv,قناة طيور الجنة | toyoraljanahtv,30.6M,,94.9K,0,0
146,147,TalkingTom,Talking Tom,30.5M,United States,213.3K,1.5K,0
147,1487,jacksepticeye,jacksepticeye,30.4M,United States,1.4M,69.6K,2.2K
148,149,TrapNation,Trap Nation,30.4M,United States,49K,1.6K,71
149,150450,zamzamelectronicstradingllc,ZAMZAM ELECTRONICS TRADING,30.4M,India,277.3K,20.9K,499
150,151,LittleAngel,Little Angel: Nursery Rhymes & Kids Songs,30.4M,,385.8K,217,0
151,152901,KLBROBijuRithvik1,KL BRO Biju Rithvik,30.3M,India,1.2M,38.7K,284
152,153230,Dushyant_kukreja,Dushyant kukreja,30.3M,India,7M,245.8K,513
153,154,HUMTV,HUM TV,30.2M,Pakistan,2.6K,22,0
154,155,DaFuqBoom,DaFuq!?Boom!,30.2M,United States,46.7M,1.4M,70K
155,156,spinninrecords,Spinnin' Records,30.2M,United States,32.8K,1.1K,33
156,157340,AlanChikinChow,Alan Chikin Chow,30M,India,4.1M,174K,461
157,158,ultrarecords,Ultra Records,29.8M,United States,15.1K,615,21
158,159,infobellstamilrhymes,infobells - Tamil,29.5M,,3.2M,37.2K,0
159,160,Maluma_Official,Maluma,29.5M,Colombia,233.6K,8.6K,332
160,161,MashaOso,Masha y el Oso,29.5M,,344.7K,3.8K,0
161,162,infobellstelugurhymes,infobells - Telugu,29.4M,,310.8K,5K,0
162,163,adityamovies,Aditya Movies,29.4M,India,29.8K,1.3K,8
163,164,shemaroomovies,Shemaroo Movies,29.3M,India,25.5K,250,9
164,165239,gulshankalra07,Gulshan Kalra,29.2M,India,8.4M,412.6K,1.1K
165,166,junya1gou,Junya Official Channel,29.2M,Japan,237.1K,1.1K,37
166,167,GoldminesDishoom,Goldmines Dishoom,28.9M,,14.5K,156,0
167,168,adityamusic,Aditya Music India,28.8M,India,34.8K,686,12
168,169574,MichaelJackson,Michael Jackson,28.8M,United States,236.2K,9.1K,0
169,170,DrakeOfficial,Drake,28.4M,United States,0,0,0
170,171,KidsRomaShow,★ Kids Roma Show,28.2M,,1.4M,3.5K,0
171,172,toycantando,toycantando,28.1M,,310.9K,11.1K,0
172,173,LankyBox,LankyBox,28M,United States,366.8K,6.3K,192
173,174228,SandeepSeminars,Sandeep Maheshwari,28M,India,1.1M,65.6K,4.7K
174,175,bouncepatrol,Bounce Patrol - Kids Songs,27.9M,,397.4K,6.4K,0
175,1761158,JYPEntertainment,JYP Entertainment,27.9M,United States,215.8K,17.7K,1.3K
176,17720,CrazyXYZ,Crazy XYZ,27.8M,India,4.3M,299.3K,8.9K
177,17851,DanTDM,DanTDM,27.8M,United States,3.6M,289.5K,53.5K
178,1791209,wizkhalifa,Wiz Khalifa,27.8M,United States,102.3K,4.5K,321
179,180,nickjr,Nick Jr.,27.7M,,119.4K,377,0
180,181103,brentrivera,Brent Rivera,27.6M,United States,9.1M,188K,5.7K
181,18288,NichLmao,NichLmao,27.6M,United States,1.6M,69.8K,1.2K
182,183,GoldminesBollywood,Goldmines Bollywood,27.4M,India,9.4K,70,3
183,184,dbillions,D Billions,27.3M,,1.2M,625,0
184,185243,renatongarcia,Renato Garcia YT,27.3M,Brazil,697K,62.5K,812
185,186,toypudding,ToyPuddingTV,27.1M,United States,7K,26,2
186,187,Netflix,Netflix,27M,United States,131.6K,2K,136
187,1884,mujjuu___14,mujjuu___14,26.9M,India,4.7M,158.1K,145
188,189,enchufetv,enchufetv,26.9M,Ecuador,35.5K,4.7K,18
189,190,RaffyTulfoInAction,Raffy Tulfo in Action,26.8M,Philippines,422.1K,5.6K,484
190,191724,SpiderSlack,Spider Slack,26.8M,Brazil,469.6K,33.7K,179
191,192,indosiar,Indosiar,26.8M,Indonesia,18.6K,489,24
192,193,worldstarhiphop,WORLDSTARHIPHOP,26.6M,United States,37.5K,1K,136
193,194,dianaandromahin8102,Diana and Roma HIN,26.3M,,174.5K,505,0
194,195315,smosh,Smosh,26.3M,United States,342.6K,24.2K,228
195,196,1MILLION_Dance,1MILLION Dance Studio,26.3M,India,35.3K,1.8K,20
196,197,nickiminaj,Nicki Minaj,26.1M,United States,1.1M,70K,5.5K
197,198,mariliamendoncareal,Marília Mendonça,26.1M,Brazil,0,0,0
198,199,TheLallantop,The Lallantop,26.1M,India,28.9K,768,51
199,200134,ThatLittlePuff,That Little Puff,26.1M,United States,2.6M,191.2K,509
200,201,AGT,America's Got Talent,26M,United States,147.2K,2.7K,198
201,20293,AlejoIgoa,Alejo Igoa,26M,Argentina,5.9M,225.3K,1.9K
202,203,abp_live,ABPLIVE,25.9M,India,2.2K,40,1
203,204,davidguetta,David Guetta,25.9M,Brazil,37.8K,1.8K,139
204,205,postmalone,Post Malone,25.9M,United States,270.7K,14.2K,577
205,206187,VanossGaming,VanossGaming,25.9M,United States,1.3M,57.4K,1.3K
206,20796,DanielLaBelle,Daniel LaBelle,25.9M,United States,1.3M,90.2K,749
207,208,wbkids,WB Kids,25.8M,,47.5K,410,0
208,209171,LosPolinesios,LosPolinesios,25.7M,Mexico,1.2M,37.3K,840
209,210101,ZHCYT,ZHC,25.7M,United States,3.4M,322.8K,2.4K
210,211124,RansEntertainment,Rans Entertainment,25.7M,Indonesia,366K,11.2K,356
211,212174,MarkRober,Mark Rober,25.6M,United States,1.9M,149.6K,771
212,213,coldplay,Coldplay,25.6M,United States,74.1K,3.8K,83
213,2141341,ChrisBrownTV,Chris Brown,25.5M,United States,112.1K,10.5K,370
214,215449,danrhodes,Dan Rhodes,25.5M,United States,168.6K,6.4K,49
215,216,kidstv,Kids TV - Nursery Rhymes And Baby Songs,25.4M,,107.3K,1.9K,0
216,217,TRANS7Official,TRANS7 OFFICIAL,25.3M,Indonesia,2.3K,49,2
217,2182030,LeoNataFamily,LeoNata Family,25.3M,United States,2.2M,42.9K,45
218,219,WatchMojo,WatchMojo.com,25.1M,United States,46.5K,1.4K,199
219,220841,akshaynagwadiya,Akshay Nagwadiya,25.1M,India,4.1M,164.3K,184
220,221251,topperguild,Topper Guild,25M,United States,1.9M,67.7K,743
221,222424,PrestonYT,Preston,25M,United States,1.9M,49.3K,516
222,223270,ChloeTing,Chloe Ting,24.9M,United States,204.4K,6.9K,536
223,224,PenMovies,Pen Movies,24.9M,India,36.3K,1.5K,43
224,225,TsurikiShow,Tsuriki Show,24.8M,India,712.2K,10.6K,8
225,226216,kimpro828,김프로 KIMPRO,24.8M,Indonesia,2.4M,59K,434
226,227,likenastyaae,Like Nastya AE,24.8M,,729.9K,4K,0
227,228249,unknownboyvarun,unknown boy varun,24.7M,India,1.5M,139.5K,150
228,229,1theK,1theK (원더케이),24.7M,Indonesia,9.7K,607,30
229,230,DianaRomaARA,Diana and Roma ARA,24.6M,,952.9K,4.3K,0
230,231,shfashowindia,shfa show India,24.6M,,1.8M,11.8K,0
231,232,goldmineshindi,Goldmines Movies,24.5M,India,10.7K,99,3
232,233,kidschannelindia,Kids Channel India - Hindi Rhymes and Baby Songs,24.5M,,81.6K,329,0
233,234,Venus_Movies,Venus Entertainment,24.5M,India,61.3K,627,20
234,235,TheElenaYa,Diana and Roma EN,24.4M,,586.4K,925,0
235,236,suntv,Sun TV,24.4M,India,15K,455,2
236,237,netdmuzik,netd müzik,24.4M,Turkey,4.6K,175,31
237,2384,rug,FaZe Rug,24.3M,United States,3.1M,81.7K,4.5K
238,23914,alanbecker,Alan Becker,24.3M,United States,5.8M,559.4K,5.4K
239,240,DJSnake,DJ Snake,24.3M,India,13.5K,784,15
240,241,MayaAndMary,Maya and Mary,24.1M,,68.8K,0,0
241,242,sagawa,Sagawa /さがわ,24.1M,United States,344.1K,10.5K,50
242,243,EnriqueIglesias,Enrique Iglesias,24.1M,United States,25.1K,2.2K,139
243,2442,juandediospantojaa,Juan De Dios Pantoja,24.1M,Mexico,3.4M,152.1K,2.7K
244,245174,JamesCharles,James Charles,23.9M,United States,1.4M,102.5K,1K
245,246817,MrMaxLife,Mister Max,23.9M,Russia,1M,18.2K,2.5K
246,247,TroomTroom,Troom Troom,23.8M,,58K,1.2K,14
247,248,PeppaPigEspanolLatinoOficial,Peppa Pig Español Latino - Canal Oficial,23.8M,,386.4K,1.2K,0
248,249899,Azhan5star,Azhan5star,23.8M,India,5.1M,260.7K,514
249,250,UltraMovieParlour,Ultra Movie Parlour,23.8M,India,80.5K,613,22
250,251275,misskaty1133,Miss Katy,23.7M,Russia,1.4M,15.5K,1K
251,252,Ninja,Ninja,23.7M,United States,187.7K,8.8K,116
252,25376,ishaanali11,Ishaan Ali 11,23.7M,India,3.8M,259.7K,499
253,254,NickyJamTV,NickyJamTV,23.7M,Colombia,17.3K,1.3K,57
254,255,ValentinaPontesofc,Tina Pontes,23.5M,Brazil,136.1K,1.6K,0
255,256,Jelly,Jelly,23.5M,United States,154.3K,5.5K,238
256,25793,TuzelityOfficial,tuzelity SHUFFLE,23.5M,India,3.9M,117.7K,589
257,258,TED,TED,23.5M,United States,44.2K,980,68
258,259,SesameStreet,Sesame Street,23.4M,,231.6K,1.4K,0
259,260,toyorbabytv,toyorbabytv,23.4M,,73.6K,0,0
260,261,VaniaManiaKids,Vania Mania Kids,23.4M,,390.6K,678,0
261,262,WaveMusicBhojpuri,Wave Music Bhojpuri,23.3M,India,7.2K,123,8
262,263,GMMGrammy,GMM GRAMMY OFFICIAL,23.3M,Thailand,3.2K,93,3
263,264,whitehillmusic,White Hill Music,23.3M,India,14.2K,594,5
264,265106,TechnicalGuruji,Technical Guruji,23.3M,India,220.2K,11.3K,503
265,266,BabyBusES,BabyBus - Canciones Infantiles & Videos para Niños,23.2M,,117.9K,337,0
266,267,LikeNastya_PRT,Like Nastya PRT,23.2M,,423.1K,1.7K,0
267,268,DangalTVChannel,Dangal TV Channel,23.2M,India,86.3K,1.9K,15
268,2692,DrossRotzank,DrossRotzank,23.1M,Mexico,1.7M,107.6K,3.9K
269,2701356,capitanyolotroll,YOLO,23.1M,Mexico,2.9M,128.5K,846
270,27163,AmiRodrigueZZ,Ami Rodriguez,23.1M,Colombia,3.6M,290.8K,1.8K
271,272,ZachChoi,Zach Choi ASMR,23.1M,United States,147.9K,3K,173
272,2733095,Yoeslan,Yoeslan,23.1M,India,2.6M,55.2K,85
273,274,GoldminesCineplex,Goldmines Cineplex,23.1M,India,11.9K,109,2
274,275,vladandnikiarab2,Vlad and Niki Arabic,23M,,1.3M,5.2K,0
275,276346,invictorgs3,invictor,22.9M,Mexico,865.7K,29.3K,497
276,277,vladandnikispain,Vlad and Niki ESP,22.9M,,889.8K,2.4K,0
277,278,sia,Sia,22.9M,United States,26.4K,2.5K,74
278,279,Kidibli,Kidibli (Kinder Spielzeug Kanal),22.8M,,134.4K,1.6K,0
279,28010,SSundee,SSundee,22.8M,United States,1.7M,56.7K,1.8K
280,28113,StokesTwins,Stokes Twins,22.7M,United States,10.4M,303.2K,7K
281,282202,mmoshaya,mmoshaya,22.7M,Saudi Arabia,1.4M,12.1K,1.1K
282,2833,ZachKing,Zach King,22.7M,United States,7.2M,226.6K,489
283,28452,BenAzelart,Ben Azelart,22.7M,United States,3.2M,45K,2.5K
284,28515,souravjoshivlogs7028,Sourav Joshi Vlogs,22.7M,India,5.5M,381.5K,7.3K
285,286,THECHAINSMOKERS,The Chainsmokers,22.7M,United States,40.9K,1.6K,85
286,287,dednahype,dednahype,22.6M,United States,574.2K,9.8K,24
287,28840,VillageCookingChannel,Village Cooking Channel,22.6M,India,23.6M,333.4K,6K
288,28926,DUDUeCAROL,DUDU e CAROL,22.5M,Brazil,1.2M,44.7K,130
289,290279,fgteev,FGTeeV,22.5M,United States,725.7K,9K,2K
290,291,BeatboxJCOP,BeatboxJCOP,22.5M,India,1.3M,0,558
291,292,disneyla,Disney Latinoamérica,22.4M,,63.2K,112,0
292,293,LIVCrime,LIV Crime,22.4M,India,20K,260,16
293,294,smilefamily363,Smile Family,22.4M,,7.7K,46,0
294,295,NetflixIndiaOfficial,Netflix India,22.3M,India,44.3K,1.2K,68
295,296,rotanamusic,Rotana,22.3M,Saudi Arabia,1.8M,15K,284
296,297800,RAFAELUIZOFICIAL,Rafa & Luiz,22.1M,Brazil,699.2K,31.4K,547
297,298,NatGeo,National Geographic,22.1M,United States,46.3K,939,55
298,299,williesalim,Willie Salim,22.1M,Indonesia,779K,0,2.8K
299,30022,alfredolarin,Alfredo Larin,22.1M,El Salvador,13.5M,764.2K,2.1K
300,301395,Priyal_Kukreja,Priyal Kukreja,22M,India,10.1M,279K,535
301,302,SMOL_official,SMOL,22M,India,114.4K,2.6K,4
302,303,TlnovelasOficial,Tlnovelas,21.9M,Mexico,5K,151,4
303,30417,royaltyfam,The Royalty Family,21.9M,United States,4.2M,61.2K,6.4K
304,305150,MartaAndRustam,Marta and Rustam,21.9M,India,3.3M,58.3K,50
305,306,EvaBravoPlay,Eva Bravo Play,21.8M,,239.3K,1.8K,0
306,307178,infinite,Infinite,21.7M,United States,922K,42.2K,1.3K
307,308,vladandnikidn,Vlad and Niki IDN,21.7M,,662.4K,1.9K,0
308,30919,khangsresearchcentre1685,Khan GS Research Centre,21.7M,India,7.4M,503.2K,17K
309,310,gmapublicaffairs,GMA Public  Affairs,21.7M,Philippines,3.6K,56,1
310,311,beckyg,Becky G,21.5M,United States,283K,22.2K,1.2K
311,312102,BaimPaula,Baim Paula,21.3M,Indonesia,276.1K,10.4K,760
312,313,VijayTelevision,Vijay Television,21.3M,India,111.2K,1.9K,19
313,3144,lyricalemonade,Lyrical Lemonade,21.2M,United States,3M,131.1K,5.8K
314,315777,BraveWilderness,Brave Wilderness,21.1M,United States,1.8M,34.2K,2.1K
315,316,buzzfeedtasty,Tasty,21.1M,United States,85.8K,3.2K,33
316,317,fatosdesconhecidos,Fatos Desconhecidos,21.1M,Brazil,99.3K,10.3K,438
317,318,MrVivekBindra,Dr. Vivek Bindra: Motivational Speaker,21.1M,India,39.3K,2.6K,18
318,31949,kurzgesagt,Kurzgesagt – In a Nutshell,21.1M,United States,3.5M,214.8K,12K
319,32081,corbuzier,Deddy Corbuzier,21.1M,Indonesia,1.7M,34.7K,3.6K
320,321,JasonDerulo,Jason Derulo,21M,United States,82.1K,2.9K,37
321,322,NBA,NBA,20.9M,United States,39.5K,873,54
322,323,canalcanalha,Canal Canalha,20.9M,Brazil,0,0,0
323,324,-genevievesplayhouse1465,हिंदी - Genevieve's Playhouse,20.8M,,2.2K,21,0
324,325,LinkinPark,Linkin Park,20.8M,United States,81.3K,8.7K,175
325,326,KiddiestvHindi,Kiddiestv Hindi - Nursery Rhymes & Kids Songs,20.7M,,23.2K,80,0
326,327,avicii,Avicii,20.7M,United States,23.1K,3.9K,141
327,328,5MinuteCraftsDIY,5-Minute Crafts DIY,20.7M,India,14.5K,110,4
328,329,NinjaKidz,Ninja Kidz TV,20.7M,United States,271.6K,6.5K,170
329,330,7clouds,7clouds,20.7M,United States,87.5K,1.1K,78
330,331,Mnet,Mnet K-POP,20.7M,United States,36.5K,3.5K,169
331,332,BabyBusID,BabyBus - Cerita & Lagu Anak-anak,20.6M,,220.9K,672,0
332,333,JoseComilaoTotoy,José Comilão ,20.6M,,297.9K,3.1K,0
333,334,jakepaul,Jake Paul,20.5M,United States,192.4K,8.1K,129
334,33596,SlivkiShow,SlivkiShow,20.5M,Russia,2.6M,156.7K,6.9K
335,336978,Miawaug,MiawAug,20.5M,Indonesia,755.5K,29.4K,2.1K
336,337423,EmiwayBantai,Emiway Bantai,20.5M,India,905K,95.7K,5.5K
337,338,somoynews360,SOMOY TV,20.5M,Bangladesh,7.8K,202,4
338,339,gottalentglobal,Got Talent Global,20.5M,United States,298.5K,1.4K,74
339,340,SonyAATH,Sony AATH,20.5M,Bangladesh,122K,2.1K,69
340,34168,PragatiVermaaShorts,Pragati Verma Shorts,20.5M,India,2.6M,150.5K,1.4K
341,342,Cookieswirlc,CookieSwirlC,20.5M,United States,132.8K,1.6K,385
342,3437,triggeredinsaan,Triggered Insaan,20.4M,India,10.5M,1.1M,31.5K
343,344130,IShowSpeed,IShowSpeed,20.3M,United States,2.3M,80.1K,4.5K
344,34575,RobinHoodGamer1,Robin Hood Gamer,20.3M,Brazil,393.2K,16.9K,454
345,346,rkddigital,RKD Studios,20.3M,India,506.6K,6.6K,91
346,347,5MinuteCraftsPLAY,5-Minute Crafts PLAY,20.3M,India,14.9K,107,5
347,348,marvel,Marvel Entertainment,20.2M,United States,78K,5K,216
348,3498,unboxtherapy,Unbox Therapy,20.2M,United States,245.8K,8.7K,181
349,35028,bobbyprankster,Bobby chourasiya,20.2M,India,3.4M,240.8K,252
350,351,greengoldtv,Green Gold TV - Official Channel,20.2M,,54.2K,1.1K,0
351,352,BuzzFeedVideo,BuzzFeedVideo,20.1M,United States,19K,546,10
352,353,gordonramsay,Gordon Ramsay,20.1M,United States,109.8K,2.7K,141
353,3543378,gusttavolimaoficial,Gusttavo Lima Oficial,20.1M,Brazil,182K,8.3K,125
354,355,AuthenticGames,AuthenticGames,20.1M,Brazil,22K,2.5K,34
355,356,pencilmation,Pencilmation,20.1M,United States,92.2K,909,82
356,357,goldminesgreatindiancomedy2048,Goldmines Great Indian Comedy,20.1M,India,4.6K,36,2
357,358619,ASGamingsahil,AS Gaming,20.1M,India,238.1K,23.5K,754
358,359,React,REACT,20.1M,United States,119.3K,5.6K,270
359,360,PTXofficial,Pentatonix,20.1M,United States,42.1K,2.4K,31
360,361,VEVO,Vevo,20.1M,United States,6.9K,199,5
361,362,PinkPanther,Official Pink Panther,20M,,373.8K,2K,0
362,363,BGT,Britain's Got Talent,19.9M,United Kingdom,40K,583,22
363,364,sctv_,SCTV,19.9M,Indonesia,10.6K,228,12
364,365,ClashOfClans,Clash of Clans,19.9M,United States,3M,41.2K,1.1K
365,366,HaerteTest,HaerteTest,19.9M,India,15.6K,72,7
366,36784,Vsauce,Vsauce,19.9M,United States,6.4M,643.7K,4.2K
367,368,TroomTroom_Es,Troom Troom Es,19.8M,Mexico,64.3K,1.2K,17
368,369,fifa,FIFA,19.8M,United States,43K,2.1K,28
369,370,WowKidzAction,Wow Kidz Action,19.8M,,22.2K,88,0
370,371,DLSNews,DLS News,19.7M,India,126.1K,3.1K,187
371,372,etvteluguindia,etvteluguindia,19.7M,India,12.8K,253,1
372,373,CraftyPanda,Crafty Panda,19.7M,India,18.8K,136,5
373,374,tabii.urdu,tabii Urdu,19.7M,Pakistan,20.4K,515,29
374,375523,JakeFellman,Jake Fellman,19.7M,United States,544.1K,24.3K,483
375,376,Slick_Slime_Sam_Spanish,SUPER SLICK SLIME SAM,19.5M,Mexico,104.9K,2.2K,0
376,3774,officialajaysharma07,Ajay Sharma,19.5M,India,818K,31.3K,50
377,37830,Sidemen,Sidemen,19.5M,United Kingdom,9.7M,318.3K,9.6K
378,379,Mashaurso,Masha e o Urso,19.5M,,214K,2.6K,0
379,380464,busyfunltd9692,Busy Fun Ltd,19.3M,India,2.8M,9K,210
380,381,sonotek,Sonotek,19.3M,India,9.4K,333,57
381,382,heidizidane9861,Heidi & Zidane बच्चों की कहानियाँ,19.3M,,12.1K,57,0
382,383681,ArabGamesNetwork,شبكة العاب العرب | Arab Games Network,19.3M,Algeria,193.9K,13.1K,800
383,384,degoboom,DeGoBooM,19.3M,Mexico,153.2K,4.8K,22
384,385173,MrDegreeOfficial,Mr DegrEE,19.3M,United States,3.5M,95.4K,88
385,386,kbsworldtv,KBS WORLD TV,19.3M,Indonesia,3.6K,134,5
386,38710,BayashiTV_,Bayashi TV,19.2M,United States,4.4M,309.1K,2.2K
387,388,shakiraVEVO,shakiraVEVO,19.2M,Brazil,0,0,0
388,389,jaanvipatel,jaanvi patel,19.2M,India,696.4K,6.1K,380
389,390,turmadamonica,Turma da Mônica,19.2M,,57.7K,1.5K,0
390,391,smilefamilyspanish1463,Smile Family Spanish,19.2M,,104.5K,113,0
391,392,user-fc2ty4qw7q,Мирошка ТВ,19.2M,United States,8.7K,20,2
392,393,CalvinHarris,Calvin Harris,19.1M,United States,59.9K,2.8K,117
393,394262,howridiculous,How Ridiculous,19.1M,United States,3.8M,70.9K,330
394,39533,IanLucasOficial,Ian Lucas,19.1M,Argentina,4.1M,282.2K,1.9K
395,396,shemaroobollywoodcomedy,Shemaroo Comedy,19.1M,India,15.9K,149,5
396,39710,ThePoznavatel,Познаватель,19.1M,Russia,2.2M,33.7K,1.9K
397,398163,deepesh_zo,deepesh zo,19.1M,India,756.7K,49.4K,267
398,39963,DharMann,Dhar Mann Studios,19.1M,United States,3.5M,54K,2.4K
399,4001417,TEDEd,TED-Ed,19.1M,United States,357.1K,14.6K,488
400,40199,HiBestMan,HiMan,19.1M,Russia,1.3M,49.7K,813
401,402,cardib,Cardi B,19.1M,United States,115.1K,8.2K,236
402,403,LittleAngelEspanol,Little Angel Español - Canciones Infantiles,19M,,139K,372,0
403,404,grammygoldofficial,Grammy Gold Official,19M,Thailand,14.6K,365,9
404,405,farruko,Farruko,18.9M,United States,331.2K,8.7K,385
405,406384,alia,Ali-A,18.7M,United States,338.7K,8.6K,299
406,407,ArianaGrandeVevo,ArianaGrandeVevo,18.7M,United States,0,0,0
407,408,elcanaldePlimPlim,Plim Plim - Kids Songs & Episodes - Spanish ,18.7M,,504.8K,0,0
408,409659,PandaShorts,Panda Shorts,18.7M,India,1.7M,133.1K,140
409,41015,MrMarmok,Marmok,18.7M,Russia,2.9M,250.5K,4.7K
410,411,LikeNastya_Vlog,Like Nastya Vlog,18.7M,,267.8K,1.1K,0
411,412,MileyCyrus,Miley Cyrus,18.7M,United States,701.9K,41K,270
412,413,Blippi,Blippi - Educational Videos for Kids,18.6M,,759.1K,3.9K,0
413,414,SonyMusicSouthVEVO,SonyMusicSouthVEVO,18.6M,,1.7K,20,1
414,415,andtvchannel,And TV,18.5M,India,2K,65,0
415,416,rsiammusic,RsiamMusic : อาร์สยาม,18.5M,Thailand,5.4K,109,8
416,417,DanielSaboya,Dan-Sa / Daniel Saboya,18.5M,Brazil,12.5K,539,6
417,418,news18India,News18 India,18.5M,India,5.4K,114,1
418,419,NaisaAlifiaYurizaNAY,Naisa Alifia Yuriza (N.A.Y),18.5M,Indonesia,127.9K,6.2K,61
419,4201,MSA.official,MSA previously My Story Animated,18.5M,United States,4.3M,97.7K,3.6K
420,42130,GoodMythicalMorning,Good Mythical Morning,18.5M,United States,646.5K,23.1K,601
421,422,DannyFitt,Danny Fitt,18.5M,Mexico,281.3K,14.9K,135
422,423,thewillyrex,TheWillyrex,18.4M,Spain,40.7K,3.9K,22
423,42483,pawansahu777,Pawan Sahu,18.4M,India,1.7M,132.9K,929
424,425,Apple,Apple,18.3M,,3.8M,30.9K,0
425,42614,Squeezie,SQUEEZIE,18.3M,France,771.4K,65.8K,244
426,427,korayzeynep,Koray Zeynep,18.3M,Turkey,158.2K,4.3K,0
427,428,TaarakMehtaKaOoltahChashmah,Taarak Mehta Ka Ooltah Chashmah,18.3M,India,148K,2.2K,33
428,429,GENHALILINTAR,GEN HALILINTAR,18.3M,Indonesia,112.3K,3.2K,73
429,430,INCRIVEL_PT,INCRÍVEL,18.2M,,9K,390,12
430,431,LikeNastya_VNM,Like Nastya VNM,18.2M,,357.8K,0,0
431,432,LuisFonsiVEVO,LuisFonsiVEVO,18.2M,Peru,2.4M,34.7K,3.1K
432,433,FunForKidsTVHindiRhymes,Fun For Kids TV - Hindi Rhymes,18.2M,,74K,301,0
433,434,YounesZarou,Younes Zarou,18.2M,India,198.6K,7.9K,33
434,43572,Aphmau,Aphmau,18.1M,United States,1.9M,39.2K,2.6K
435,43631,manualdomundo,Manual do Mundo,18.1M,Brazil,325.4K,36.6K,295
436,437,KatieAngelTV_,KatieAngel,18.1M,Mexico,85.2K,0,292
437,438,SebastianYatra,Sebastián Yatra,18.1M,Colombia,33.2K,2.3K,125
438,43910,BispoBrunoLeonardo,Bispo Bruno Leonardo,18.1M,Brazil,762.1K,271K,156.5K
439,440,TheGrefg,TheGrefg,18.1M,Spain,171.9K,11K,84
440,441668,RobleisIUTU,RobleisIUTU,18.1M,Argentina,231.8K,17.3K,427
441,442,lescopaque,Les' Copaque Production,18.1M,Indonesia,78.7K,2.1K,0
442,44371,tanboykun,tanboy kun,18.1M,Indonesia,1.7M,32.3K,1.5K
443,444,AMARINTVHD,AMARINTV : อมรินทร์ทีวี,18.1M,Thailand,9.2K,141,4
444,445,News24thinkfirst,News 24,18.1M,India,4.5K,104,4
445,446,ZuniandFamilyofficial,Zuni and Family,18M,,75.7K,197,0
446,44722,GameTheory,The Game Theorists,18M,United States,2.1M,106.7K,4.1K
447,448,demilovato,Demi Lovato,17.9M,United States,65.5K,6.7K,325
448,4491389,thexoteam,XO TEAM,17.9M,United States,655.1K,39.8K,186
449,450,Jane_asmr,Jane ASMR 제인,17.9M,Indonesia,141.4K,2.6K,183
450,45164,portadosfundos,Porta dos Fundos,17.9M,Brazil,419.8K,27.4K,189
451,452113,zbingz,zbing z.,17.9M,Thailand,414.7K,9.9K,377
452,453,mgcplayhouse,MGC Playhouse,17.8M,,70.2K,81,0
453,454,NarendraModi,Narendra Modi,17.8M,India,38.7K,2.3K,108
454,455,lilpumpeskii,Lil Pump,17.7M,United States,67.5K,4.1K,526
455,456522,FactTechz,FactTechz,17.7M,India,316.7K,19.1K,732
456,457,IGN,IGN,17.7M,United States,35.8K,845,80
457,4581223,salmannomanofficial,Salman Noman,17.7M,India,738.3K,54.5K,173
458,459,PrimeVideoIN,Prime Video India,17.7M,India,17.9K,554,4
459,460,jasonvlogslife,Jason Vlogs,17.6M,,742.3K,1.2K,0
460,46119,mkbhd,Marques Brownlee,17.6M,United States,2.5M,107.5K,3.7K
461,462,RepublicTVBharat,Republic Bharat,17.6M,India,7.2K,0,4
462,463,JFlaMusic,JFlaMusic,17.6M,United States,61.8K,3.1K,432
463,464,musicalrmastv1,الـريماس - Al-Remas,17.6M,Iraq,616.8K,5.6K,228
464,465,zappytoons,ZappyToons - Hindi Nursery Rhymes and Stories,17.5M,,118.9K,766,0
465,466,Filaretiki,Filaretiki,17.5M,India,339.4K,10.8K,32
466,467,ElReinoAJugar,El Reino a Jugar,17.5M,,144.8K,329,0
467,468238,HowToBasic,HowToBasic,17.4M,United States,1.9M,65.8K,5.4K
468,469489,issei0806,ISSEI / いっせい,17.4M,India,3.9M,182.5K,147
469,470,stubbornfacts,Stubborn Facts,17.4M,India,12.9K,769,29
470,4715,TheBrianMaps,TheBrianMaps,17.4M,Russia,3.6M,269.4K,12K
471,472,anitta,Anitta,17.4M,Brazil,2.1M,63.8K,7.1K
472,473,TRANSTVofficial,TRANS TV Official,17.4M,Indonesia,1K,20,1
473,47417,jordanmatter,Jordan Matter,17.4M,United States,8.2M,94.4K,8.2K
474,475,JohnyFamilyShow,Johny FamilyShow,17.3M,,61.9K,160,0
475,476,popchartbusters,Pop Chartbusters,17.2M,India,11.5K,205,41
476,477,Willyrex,Willyrex,17.2M,Mexico,128.8K,10.1K,78
477,478,Queen,Queen Official,17.2M,United States,126.8K,9.1K,209
478,479959,nomanofficial786,Noman Official,17.2M,India,3.3M,250.3K,1.9K
479,480,SriBalajiMovies,SriBalajiMovies,17.1M,India,9.1K,262,0
480,481,LikeNastya_IDN,Like Nastya IDN,17.1M,,257.9K,0,0
481,482,LahariMusicIndia,Lahari Music - TSeries,17.1M,India,22.6K,1.1K,51
482,48353,AayuandPihuShow,Aayu and Pihu Show,17M,India,2.5M,44.5K,8.3K
483,484,PrajapatiNews,Prajapati News,17M,India,12.7K,614,34
484,485,VICE,VICE,17M,United States,46.3K,891,57
485,486,GatoGalactico,Gato Galactico | GALÁXIA,17M,Brazil,82.5K,1.9K,0
486,4871,BeastPhilanthropy,Beast Philanthropy,17M,United States,382.2K,40.9K,913
487,4881518,DesiMelodies,DM - Desi Melodies,17M,India,2.4M,47.5K,279
488,489,withkids2063,With Kids[위드키즈],17M,United States,28.2K,0,0
489,490,BBCHindi,BBC News Hindi,17M,India,95K,0,186
490,491,GuavaJuice,Guava Juice,17M,United States,73K,3.6K,481
491,492,BollywoodClassics,Bollywood Classics,16.9M,India,44K,231,14
492,493526,DeToxoMoroxo-Oficial,DeToxoMoroxo,16.9M,Mexico,281.1K,12.8K,2.7K
493,494,EeOneGuy,EeOneGuy,16.9M,Russia,149.2K,8.5K,1.8K
494,495125,IvanaAlawi,Ivana Alawi,16.8M,Philippines,2.2M,67.5K,4.4K
495,496,ufc,UFC,16.8M,United States,75.1K,1.5K,174
496,497,NMFNews,NMF News,16.8M,India,4.1K,93,2
497,498,viralhog,ViralHog,16.8M,United States,39.8K,1.4K,28
498,499,Chapitosiki,Chapitosiki,16.8M,Russia,230.2K,5.8K,13
499,500,disneyjunior,Disney Junior,16.8M,,100.4K,281,0
500,501271,tarik_alhalapi,طارق الحلبي tarik alhalapi,16.8M,Turkey,2.5M,60.3K,160
501,502,ILYABORZOV,ILYA BORZOV,16.8M,India,347.5K,11.2K,29
502,50320,SagarKalraShorts,sagar kalra (Shorts),16.8M,India,1.3M,4.3K,242
503,504,gmmtv,GMMTV OFFICIAL​​,16.8M,Thailand,32.8K,904,27
504,505,thairathonline,Thairath Online,16.8M,Thailand,8.9K,134,6
505,506,TuCOSMOPOLIS,Tu COSMOPOLIS,16.8M,Mexico,38K,2.6K,248
506,5074,DailyDoseOfInternet,Daily Dose Of Internet,16.7M,United States,4M,204.7K,5.8K
507,50886,failarmy,FailArmy,16.7M,United States,2.3M,21.3K,795
508,509,FunFunMiniWorld,FunFun Toy Doll TV,16.7M,United States,31.4K,819,0
509,510,IDEASEN5MINUTOSoficial,IDEAS EN 5 MINUTOS,16.7M,Mexico,112.2K,231,6
510,511,ch7hd,Ch7HD,16.6M,Thailand,2.4K,67,1
511,5122036,KaykaiSalaiderChannel,Kaykai Salaider,16.6M,Thailand,1.5M,61.4K,667
512,513,LEGO,LEGO,16.6M,United States,15.8K,145,0
513,514,RCTILAYARDRAMAINDONESIA,RCTI - LAYAR DRAMA INDONESIA,16.6M,Indonesia,10.9K,196,6
514,515,Infobellsbengalirhymes,Infobells Bangla,16.5M,,572.5K,12.8K,0
515,516233,SandraCiresArt,Sandra Cires Art,16.5M,Colombia,0,0,0
516,517,Pitbull,Pitbull,16.5M,United States,35K,1.1K,31
517,518,boyceavenue,Boyce Avenue,16.5M,Brazil,18.7K,1.4K,24
518,519,LaRosaDeGuadalupeOf,La Rosa de Guadalupe,16.5M,Mexico,94.8K,1.2K,32
519,520598,Lyna,Lyna,16.5M,Argentina,270.5K,8.6K,703
520,521,samsmith,SAM SMITH,16.5M,United States,31.5K,2K,72
521,52211,Mrwhosetheboss,Mrwhosetheboss,16.5M,United States,3.5M,174.4K,2.5K
522,5238,rubentuestaoficial,Rubén Tuesta oficial,16.4M,Argentina,2.2M,268.2K,1.4K
523,524180,GLENTYOUTUBE,ГЛЕНТ,16.4M,Russia,1.9M,87.3K,1.6K
524,525,DearSir,Dear Sir,16.4M,India,239.3K,17.7K,1.9K
525,52652,jjolatunji,JJ Olatunji,16.4M,United States,2.9M,159.7K,3.9K
526,52771,mattstonie,Matt Stonie,16.4M,United States,1.5M,63.9K,2.2K
527,52830,Unspeakable,Unspeakable,16.4M,United States,858.4K,27.3K,307
528,529445,T3ddy,T3ddy,16.3M,Brazil,367.2K,38.4K,890
529,530,FitDanceTV,FitDance,16.3M,,28.5K,858,10
530,531,vladandnikiarab,Vlad and Niki ARA,16.3M,,154.6K,598,0
531,53233,TWICE,TWICE,16.3M,Philippines,300K,34.7K,382
532,533,kidsplay,Kids Play,16.3M,,31.7K,141,0
533,534,ShriPrashant,आचार्य प्रशान्त - Acharya Prashant,16.3M,India,75.3K,6.6K,43
534,53526,KarlaBustillos,Karla Bustillos,16.3M,Mexico,4.2M,344.8K,1.9K
535,536,JoseComelonEspanol,Jose Comelon - Español ,16.3M,,155.1K,613,0
536,537,mkmusic,MK MUSIC,16.3M,Brazil,33.7K,1.9K,73
537,538,NasyaOfficial,Nasya Official,16.2M,Indonesia,2.4M,41.7K,174
538,5392900,antrax,Antrax,16.2M,Mexico,181.1K,11.8K,1K
539,540,TV9Bharatvarsh,TV9 Bharatvarsh,16.2M,India,4.1K,96,1
540,541,ADME_RU,AdMe,16.2M,Russia,18.1K,462,26
541,542,DylandPROS,Dyland PROS,16.2M,Indonesia,19.3K,923,29
542,543544,MoreAliA,MoreAliA,16.2M,United States,544K,12.3K,343
543,544,MYFAMILYComedy,MY FAMILY,16.2M,India,2.6M,6.9K,102
544,545,katakit_baby,Katakit Baby TV,16.1M,Saudi Arabia,173.5K,1.1K,0
545,546,JulianaBaltar,Juliana Baltar,16.1M,Brazil,253.6K,13.1K,183
546,547,MazhavilManorama,Mazhavil Manorama,16.1M,India,12K,259,1
547,548,hamaarbhojpuri,T-Series Hamaar Bhojpuri,16.1M,India,22.2K,848,14
548,549,camilo,Camilo,16M,Colombia,633.2K,18.3K,647
549,5504,Arifmuhammadd,Arif muhammad,16M,Indonesia,3.3M,62.2K,1.8K
550,551,SonyLIV,Sony LIV,16M,India,8.6K,114,4
551,552,wifistudy,wifistudy by Unacademy,16M,India,4.5K,196,4
552,553,yudistardhana,Yudist Ardhana,16M,Indonesia,437.8K,13.6K,122
553,55453,pinkshirtcouple,Pink Shirt Couple,16M,United States,3M,127K,801
554,555,TeamFilmsBhojpuri,Team Films Bhojpuri,16M,India,25.4K,235,19
555,556279,ChetanMongaVlogs,Cheri's World,16M,India,1.2M,71.8K,230
556,557180,kuplinovplay,Kuplinov ► Play,15.9M,Russia,1.9M,130K,2.5K
557,558,VolgaVideo,Volga Video,15.9M,India,3.6K,27,0
558,559,MashaBearARAB,ماشا و الدب,15.9M,,192.1K,4.4K,0
559,560,ColorsRishtey1,Colors Rishtey,15.9M,India,3.7K,29,1
560,561,FCBarcelona,FC Barcelona,15.9M,United States,164.3K,12.5K,165
561,562,BlippiEspanol,Blippi Español,15.9M,,246.8K,592,0
562,563,KashviAdlakha,Kashvi Adlakha,15.8M,India,97.5K,3.1K,13
563,564,RottenTomatoesTRAILERS,Rotten Tomatoes Trailers,15.8M,United States,35.4K,557,49
564,565,SonyMusicSouth,Sony Music South,15.8M,India,59.1K,2K,60
565,566,zutigang,ZutiGang,15.8M,United States,96.2K,3.6K,18
566,5675,TheMriDul,The MriDul,15.8M,India,7.6M,253.9K,6.4K
567,568,5MinuteCraftsFAMILY,5-Minute Crafts FAMILY,15.8M,India,4.6K,66,3
568,569,5MCArabic,حِرف إبداعية في 5 دقائق,15.7M,Egypt,32.9K,158,5
569,570,TalkingFriends,Talking Tom & Friends,15.7M,United States,14.5K,111,0
570,5711020,HenriqueeJuliano,Henrique e Juliano,15.6M,Brazil,1.6M,14.2K,297
571,572,FFUNTV,FFUNTV,15.6M,United States,0,0,0
572,573,A2Motivation,A2 Motivation by Arvind Arora,15.6M,India,599.3K,62K,614
573,574,CNN,CNN,15.6M,United States,148K,2.2K,1K
574,575,MobileLegends5v5MOBA,Mobile Legends: Bang Bang,15.6M,Indonesia,79.1K,700,6
575,576,genierock,Genierock,15.6M,Thailand,46.8K,829,39
576,577,TheHarshBeniwal,Harsh Beniwal,15.6M,India,9.3M,902.6K,44K
577,578122,_vector_,_vector_,15.6M,United States,11.6M,785.1K,1.1K
578,5791053,joerogan,PowerfulJRE,15.6M,United States,1.3M,21K,3.2K
579,580,EliKids,Eli Kids - Cartoons & Songs,15.6M,,178.1K,516,0
580,581,Zayn,zayn,15.5M,United States,157.1K,22.8K,959
581,582,SRKMUSIC,SRK MUSIC,15.5M,India,16K,455,26
582,583,Senya_Super,Super Senya,15.5M,,15.7K,111,0
583,584,DaveAndAva,Dave and Ava - Nursery Rhymes and Baby Songs,15.5M,,152.3K,520,0
584,5851901,LOKESHGAMER,LOKESH GAMER,15.4M,India,204.4K,26.4K,663
585,586,Kerajinan5-Menit,Kerajinan 5-Menit,15.4M,Indonesia,12.6K,69,3
586,58720,LinusTechTips,Linus Tech Tips,15.4M,United States,939.1K,44.7K,2.7K
587,588,kompastv,KOMPASTV,15.4M,Indonesia,4.6K,35,5
588,589,THE_BROWN_SIBLINGS,THE BROWN SIBLINGS,15.4M,India,257.1K,17.3K,67
589,590351,Jesser,Jesser,15.4M,United States,1.2M,39.2K,317
590,591673,RayWilliamJohnson,Ray William Johnson,15.4M,United States,2.6M,246K,1.7K
591,5923,GoAmiGo,Go Ami Go!,15.4M,Colombia,9.8M,554.6K,2.8K
592,593120,nianaguerrero,Niana Guerrero,15.4M,Philippines,514.6K,12.3K,280
593,594,abscbnnews,ABS-CBN News,15.4M,Philippines,3.6K,37,2
594,595,ndtvindia,NDTV India,15.4M,India,4.1K,41,2
595,596,SelenaGomezVEVO,SelenaGomezVEVO,15.3M,United States,427K,29.8K,1.4K
596,597190,SupercarBlondie,Supercar Blondie,15.3M,United States,534.7K,15.4K,503
597,598,MohamedRamadan,Mohamed Ramadan I محمد رمضان,15.3M,Egypt,72.8K,2.7K,82
598,599,OyuncakAvi-oyku,Oyuncak Avı,15.3M,,21.5K,0,0
599,600,LittleAngelBrasil,Little Angel - Músicas Infantis em Português,15.3M,,238.6K,520,0
600,601,studyiqofficial,StudyIQ IAS,15.2M,India,13.9K,780,18
601,602932,ranzkyle,Ranz Kyle,15.2M,Philippines,636K,17.5K,459
602,603,MNCTVOfficialId,MNCTV OFFICIAL ,15.2M,Indonesia,1.3K,37,0
603,604,HongyuASMR,Hongyu ASMR 홍유,15.2M,United States,377.2K,4.2K,152
604,605,DaftarPopuler,Daftar Populer,15.2M,Indonesia,52.3K,724,92
605,6069,EdisonPts,EdisonPts,15.2M,Russia,1.6M,108.8K,4K
606,607,TazerCraft,TazerCraft,15.2M,Brazil,189.1K,13.1K,541
607,608,PlayStation,PlayStation,15.2M,United States,36K,1.2K,97
608,609,zncoficial,Zé Neto e Cristiano,15.2M,Brazil,22.3K,1.9K,33
609,610,Thaich8,ช่อง8 : Thai Ch8,15.2M,Thailand,7.8K,126,3
610,611,kwebbelkop,Kwebbelkop,15.2M,United States,60.6K,586,281
611,612,mariale,Mariale,15.2M,Mexico,17K,1.2K,19
612,6131421,Makiman131,Makiman131,15.2M,Spain,186.1K,10.6K,316
613,614,NetflixJr,Netflix Jr.,15.1M,,110.5K,125,0
614,6151007,PPMussas,Musas,15.1M,Mexico,176.8K,9.2K,327
615,616,PeetMontzingo,Peet Montzingo,15.1M,United States,1.9M,0,1.2K
616,61730,cure0721,CuRe 구래,15.1M,Indonesia,3.6M,258.4K,2.4K
617,618,crashcourse,CrashCourse,15M,United States,30.6K,1.2K,34
618,6199,iamneetubisht,Neetu Bisht,15M,India,3.5M,195K,206
619,620144,XpressTV,XpressTV,15M,Mexico,1M,31.7K,382
620,621,ABCNews,ABC News,15M,United States,10.5K,106,46
621,622,indorephysicalacademy.,Indore Physical Academy,15M,India,85.1K,7.7K,70
622,623,Therichest,TheRichest,15M,United States,8.9K,251,19
623,6242894,leagueoflegends,League of Legends,15M,United States,323.4K,12.9K,1.1K
624,625155,SusyMouriz,Susy Mouriz,15M,Mexico,5.3M,403.8K,1.9K
625,626,RS1313Shorts,RS 1313 SHORTS,15M,India,5.3K,53,12
626,627152,mispastelitos,Mis Pastelitos,15M,Mexico,812.3K,13.5K,486
627,628,jorgeemateus,Jorge & Mateus Oficial,15M,Brazil,90.2K,2.6K,116
628,629,5MinuteCraftsRecycle,5-Minute Crafts Recycle,15M,India,5.9K,69,2
629,63062,sevengersofficial,SEVENGERS,15M,India,3.5M,349.3K,519
630,631,itowngameplay,iTownGamePlay *Terror&Diversión*,14.9M,Mexico,42.6K,2.3K,163
631,632,TroomTroomRu,Трум Трум,14.9M,,88.7K,1.9K,11
632,633,OReinoInfantil,O Reino Infantil,14.9M,,69.8K,245,0
633,634,AadishaktiFilms,Aadishakti Films,14.9M,,11.7K,353,33
634,635,GyanGaming,Gyan Gamingㅤ,14.8M,India,243.8K,22.2K,266
635,636,fueledbyramen,Fueled By Ramen,14.8M,United States,131.7K,767,41
636,637,camilaloures,Camila Loures,14.8M,Brazil,266.4K,16.9K,232
637,638,MattyBRaps,MattyBRaps,14.8M,United States,373.8K,1.1K,0
638,639,MeghanTrainor,Meghan Trainor,14.8M,United States,20.6K,698,50
639,640258,theslowmoguys,The Slow Mo Guys,14.8M,United States,1.2M,67.8K,1.7K
640,6411084,lachlan,Lachlan,14.8M,United States,116.7K,6.8K,43
641,642,majorlazer,Major Lazer Official,14.8M,United States,15.6K,476,27
642,643,MalumaVEVO,MalumaVEVO,14.8M,Mexico,238.9K,8.6K,279
643,64480,chadwildclay,Chad Wild Clay,14.8M,United States,817.5K,18K,3K
644,645,VijayKumarVinerVlogs,Vijay Kumar Viner Vlogs,14.8M,India,84.1K,2.6K,4
645,6462,auron,Auron,14.8M,Mexico,1.1M,53.2K,932
646,647315,E_MasterSensei,E-MasterSensei,14.8M,Mexico,540.3K,33K,470
647,648,MartinGarrix,Martin Garrix,14.8M,United States,38.2K,4K,150
648,649,facts806,حقائق وأسرار,14.8M,Egypt,12.9K,747,17
649,65075,GH.S,GH'S,14.8M,United States,6.2M,242.6K,1.1K
650,651,collegehumor,CollegeHumor,14.8M,United States,358.2K,15.4K,587
651,652,BBCNews,BBC News,14.8M,United States,76.7K,967,493
652,653800,DocTops,Doc Tops,14.8M,Mexico,1.4M,45.8K,567
653,654,zeebangla,Zee Bangla,14.8M,India,1.5K,53,0
654,65512,DentalDigest,Dental Digest,14.8M,United States,9.1M,292.8K,738
655,656,infobellskannadarhymes,infobells - Kannada,14.7M,,443.8K,10.3K,0
656,657,vladandnikiport,Vlad and Niki PRT,14.7M,,423.2K,0,0
657,6581786,TheVishalbhatt,The Vishal bhatt,14.7M,India,386K,23.9K,46
658,659,nostalgia,Canal Nostalgia,14.7M,,60.5K,6.8K,354
659,6601119,PrestonPlayz,PrestonPlayz,14.7M,United States,702K,12.4K,433
660,661,GMM25Thailand,GMM25Thailand,14.7M,Thailand,2.8K,37,0
661,662,ZigandSharko,Zig & Sharko,14.7M,,136.9K,948,0
662,663,LikeNastya_Stories,Like Nastya Stories,14.7M,,70.3K,358,0
663,664,user-ts8yv9np7m,서은일상이야기,14.7M,,42.6K,173,0
664,665,ZEE5,ZEE5,14.7M,India,305,13,0
665,666,cokestudio,Coke Studio Pakistan,14.6M,Pakistan,1.8M,1.5K,47
666,66744,rebeccazamolo,Rebecca Zamolo,14.6M,United States,3.3M,31.4K,2.8K
667,66888,TheDodo,The Dodo,14.6M,United States,414.8K,12.3K,398
668,669,NatanporAi,Natan por Aí,14.6M,Brazil,1.7M,43K,227
669,670,Telemundo,Telemundo,14.6M,Argentina,3.2K,64,4
670,671,IDEIASINCRIVEIS,IDEIAS INCRÍVEIS,14.6M,Brazil,15.1K,130,3
671,672,legendaefunk,LEGENDA FUNK,14.6M,Brazil,3.9K,164,8
672,67354,woodyandkleiny,Woody & Kleiny,14.6M,United States,541.7K,34.5K,89
673,674382,NobruTV,NOBRU,14.6M,Brazil,382.9K,32.4K,127
674,675,reactiontime,Reaction Time,14.6M,United States,22K,1.4K,32
675,676104,TommyInnit,TommyInnit,14.6M,United States,1.1M,88.5K,5K
676,677,LillySingh,Lilly Singh,14.6M,United States,58.1K,3.7K,54
677,67827,IanBoggs,Ian Boggs,14.6M,United States,1.2M,76.5K,966
678,679,lesboystv,les boys tv2,14.5M,France,29.1K,0,0
679,680,boramtubetoysreview9575,Boram Tube ToysReview [보람튜브 토이리뷰],14.5M,,9.6K,74,0
680,68129,seungbini67,seungbini shorts,14.5M,United States,10.2M,359.3K,1.9K
681,682,RosannaPansino,Rosanna Pansino,14.5M,United States,42.9K,3.4K,24
682,683137,boxtoxtv,boxtoxtv,14.5M,India,1.6M,54.6K,125
683,684,LuliPampin,Luli Pampín,14.5M,,631.8K,3.2K,0
684,685,Drawblogs,Drawblogs,14.4M,Mexico,8.3K,411,18
685,686,BobonSantoso,Bobon Santoso,14.4M,Indonesia,103.8K,3.3K,70
686,68744,AlexaRivera,Alexa Rivera,14.4M,United States,2.6M,50.3K,2.3K
687,688312,Compot,Compot,14.4M,Russia,1.1M,42.4K,1.7K
688,689,zeetvtelugu,Zee Telugu,14.4M,India,2.6K,86,0
689,690156,CrescendocomLuluca,Crescendo com Luluca,14.4M,Brazil,731.1K,30.6K,2.2K
690,691,dangmattsmith,DangMattSmith,14.4M,,57.6K,2.9K,277
691,692,WishFM1075official,Wish 107.5,14.4M,Philippines,58.7K,1.1K,78
692,693,JamunaTVbd,Jamuna TV,14.4M,Bangladesh,3.9K,75,10
693,6941358,nikkietutorials,NikkieTutorials,14.4M,United States,3M,172.6K,1.2K
694,6951565,SanjoyDasOfficial,Sanjoy Das Official,14.4M,India,268K,23.6K,69
695,696,vladandnikirus,Влад и Никита,14.3M,,677.1K,2.6K,0
696,697342,TheSocialFactory,Elvish yadav,14.3M,India,2.1M,245K,9.7K
697,698,MaviGadgets,MaviGadget,14.3M,United States,225.8K,4.6K,15
698,699,SuperPolina,Super Polina,14.3M,Russia,2.1K,10,0
699,700,ComePlayWithMe,Come Play With Me,14.3M,,1.8M,0,0
700,70123,Jazzghost,Jazzghost,14.2M,Brazil,1.3M,61K,2K
701,702,BieTheSka,Bie The Ska,14.2M,Thailand,250.3K,7K,109
702,703108,inventonahora,Invento na Hora,14.2M,Brazil,474.4K,47.9K,452
703,7043035,DEVKeFacts,DEV Ke Facts,14.2M,India,1.4M,51.1K,20
704,705,nehakakkar,Neha Kakkar,14.2M,India,98.6K,5.9K,165
705,706,ETVJabardasth,ETV Jabardasth,14.2M,India,63.6K,1.4K,5
706,70730,veritasium,Veritasium,14.2M,United States,2.1M,94.5K,6.9K
707,708,thinkmusicofficial,Think Music India,14.2M,India,50.6K,1.5K,19
708,709,tseriesregional,T-Series Regional,14.2M,India,1.9K,24,3
709,710574,RaptorGamer,RaptorGamer,14.2M,Mexico,222.3K,16.5K,275
710,711123,AM3NlC,AM3NlC,14.2M,Brazil,334.3K,26.9K,323
711,7121364,huba3,HUBA후바,14.2M,United States,1.1M,26.1K,82
712,713,theHacksmith,Hacksmith Industries,14.2M,United States,193.3K,12.5K,124
713,714148,StrayKids,Stray Kids,14.2M,United States,933.1K,148K,5.2K
714,715,kidstvindia,Kids TV India Hindi Nursery Rhymes,14.2M,,23.7K,80,0
715,716,trapcity,Trap City,14.2M,United States,16K,702,31
716,717,MasterskayaNastroeny,Мастерская Настроения,14.2M,Russia,127.7K,2.7K,83
717,718,TVAnaEmilia,TV Ana Emilia,14.2M,Mexico,71.8K,3K,268
718,719,karameeshchannel,karameeshchannel,14.1M,Jordan,300.6K,1.7K,0
719,720,vladynikishow,Vlad y Niki Show,14.1M,,533.1K,1.8K,0
720,721183,ATRO55,أترو/Atro,14.1M,Iraq,497.4K,52.1K,4K
721,722,refugiomental6032,#Refugio Mental,14.1M,Argentina,72.2K,1.2K,22
722,723,vilmei,Vilmei,14.1M,Indonesia,134.1K,0,342
723,724,atlanticrecords,Atlantic Records,14.1M,United States,6.4K,274,9
724,7256,albert_cancook,albert_cancook,14.1M,United States,6.3M,442K,2K
725,726,bibotoysrus,BIBO и Игрушки,14.1M,,128.3K,0,0
726,727,GoldminesPremiere,Goldmines Premiere,14.1M,,9.5K,173,0
727,728,Infobellsrhymes,infobells,14.1M,,101.5K,1.5K,0
728,729,geonews,Geo News,14M,Pakistan,3.9K,42,3
729,730,OQueNaoDizerOficial,O Que Não Dizer Oficial,14M,Brazil,79.5K,9.1K,92
730,731212,Acenix,Acenix,14M,Mexico,776.4K,23.5K,764
731,7323,Mythpat,Mythpat,14M,India,5.8M,631.1K,6.1K
732,73346,DesiGamers_,Desi Gamers,14M,India,880.7K,97.6K,2.3K
733,73452,juliagisella,JULIA GISELLA,14M,United States,642.6K,56.6K,1.3K
734,735,123GOSpanish,123 GO! Spanish,14M,Mexico,53.6K,537,15
735,736,adeletsami3286,ADEL et SAMI,13.9M,France,11.1K,41,0
736,737,BBC,BBC,13.8M,United Kingdom,9.8K,228,6
737,738,nishamadhulika,NishaMadhulika,13.8M,India,118.3K,3K,486
738,7391,AdamW,Adam W,13.8M,United States,2.5M,100.2K,399
739,74050,PetsSwag,pets swag,13.8M,United States,694.9K,21.7K,205
740,741,FAPTV,FAPTV,13.8M,United States,67.1K,2.4K,13
741,7421604,BigTastyAnimations,BigTasty ,13.8M,United States,191K,12.1K,27
742,743,wesleysafadao,Wesley Safadão,13.8M,Brazil,109.6K,3.3K,92
743,74416,penguinz0,penguinz0,13.8M,United States,1.7M,70.8K,4K
744,745,jbalvinVEVO,jbalvinVEVO,13.8M,Colombia,3M,109.4K,3K
745,746877,AmaraQueLinda,Amara Que Linda,13.8M,Colombia,411.5K,26.3K,134
746,747,jomyproductionshorts,Jomy Production,13.8M,India,268K,8.9K,36
747,748,jojotvhindi,JOJO TV - Hindi Stories,13.8M,India,17.6K,120,0
748,74931,mymissanand,MyMissAnand,13.8M,India,958.6K,15.5K,1K
749,750,MAIKI021,MAIKI021,13.8M,Brazil,6.1K,773,65
750,751,blockbustermovies7960,Blockbuster Movies,13.8M,India,8.5K,161,1
751,752457,ZeinabHarakeVlogs,Zeinab Harake,13.8M,Philippines,3M,95.8K,3.5K
752,753162,luismendez1405,Luis Méndez,13.8M,Mexico,1M,177.3K,993
753,754,gmanews,GMA Integrated News,13.8M,Philippines,3.5K,49,4
754,755,PlayHard,PlayHard,13.8M,Brazil,143.2K,16.6K,84
755,756,TypicalGamer,Typical Gamer,13.8M,United States,303.2K,7.4K,230
756,757,WanasahTV1,قناة وناسة -  Wanasah TV,13.7M,,712.3K,3.3K,0
757,758,KidsLineKOYA,KOYA with,13.7M,,8.5K,35,0
758,759,codiscos,Codiscos,13.7M,,18.5K,317,9
759,760335,Thegeetagurjar,The geeta gurjar,13.7M,India,2.2M,48.2K,54
760,761662,BUDI01GAMING,BUDI01 GAMING,13.6M,Indonesia,530.7K,23.3K,1.2K
761,762105,lunomosik,Луномосик,13.6M,Russia,1.4M,28K,1.3K
762,763,Vogue,Vogue,13.6M,United States,88.9K,4.3K,72
763,764730,TrakinTech,Trakin Tech,13.6M,India,516.7K,27.1K,960
764,765120,ladydiana11,Lady Diana,13.6M,Russia,1.5M,44.3K,2.4K
765,766215,MyMateNate,My Mate Nate,13.6M,Thailand,1.2M,29.7K,953
766,767,awakeningrecords,Awakening Music,13.6M,Indonesia,14.4K,680,34
767,768,TwinsFromRussiaRevega,웃웃TwinsFromRussia,13.6M,United States,55.8K,1.7K,10
768,7691115,Painzeiro,Painzeiro,13.6M,Brazil,302.2K,7.6K,286
769,7708,ryan,Ryan Trahan,13.6M,United States,4.9M,148.8K,8.4K
770,771,onlinejobRk,Online Job,13.6M,India,4.4K,99,12
771,772,Anaysa,Anaysa,13.6M,India,98.9K,4.5K,78
772,77382,BanderitaX,BanderitaX,13.6M,Saudi Arabia,1.2M,92.3K,4.6K
773,774364,PozziGamer,Поззи,13.6M,Russia,417.2K,15.9K,936
774,775,sportsnationespn,SportsNation,13.6M,United States,121K,3.8K,39
775,776,Wengie,Wengie,13.6M,United States,27K,1.6K,188
776,777,ConorMaynard,Conor Maynard,13.6M,United States,56.5K,2.7K,133
777,778,MCDivertida,MC Divertida,13.5M,,371K,2K,0
778,779343,itsDrRyan,Dr Ryan,13.5M,United States,1.1M,46.5K,661
779,780,TheQ_original,The Q,13.5M,United States,0,0,0
780,781,theworldadventureshindi,The World Adventures हिन्दी,13.5M,,6.2K,335,20
781,782396,TechnologyGyan,Technology Gyan,13.4M,India,524.5K,30.3K,1.3K
782,783,MattSDance,Matt Steffanina,13.4M,United States,56.3K,2.5K,28
783,784,KabitasKitchen,Kabita's Kitchen,13.4M,India,113.9K,3.8K,205
784,785,gags,Just For Laughs Gags,13.4M,United States,152.2K,1.4K,34
785,786,SonotekBhakti,Sonotek Bhakti,13.4M,India,4.3K,106,12
786,787,H2ODelirious,H2ODelirious,13.4M,United States,132.1K,6.2K,162
787,788,TheInfographicsShow,The Infographics Show,13.4M,United States,162.5K,5.2K,235
788,789533,athleanx,ATHLEAN-X™,13.4M,United States,285.7K,12.1K,880
789,790,GuiGe,GuiGe,13.4M,India,164.5K,5.3K,7
790,791,LofiGirl,Lofi Girl,13.4M,United States,146.9K,9K,166
791,792,KurtHugoSchneider,Kurt Hugo Schneider,13.4M,United States,21.7K,1.3K,75
792,793,VexTrexKidsCartoon,VexTrex,13.4M,,19.9K,0,0
793,794,AzzyLand,AzzyLand,13.4M,United States,17.3K,905,167
794,795250,BrawlStars,Brawl Stars,13.4M,United States,1.3M,87.6K,2.4K
795,7961203,einerdtv,Ei Nerd,13.4M,Brazil,162.5K,22.7K,714
796,7972318,AlexGonzagaOfficial,Alex Gonzaga Official,13.4M,Philippines,1.4M,34.8K,942
797,798,PeppaPigPortuguesOficial,Peppa Pig em Português Brasil - Canal Oficial,13.3M,,364.4K,1.2K,0
798,799,theRadBrad,theRadBrad,13.3M,United States,89.6K,3.9K,212
799,800,MashaBearUkraine,Маша та Ведмідь,13.3M,,122K,1K,0
800,801,OficialHungria,Hungria Hip Hop,13.3M,Brazil,53.7K,4.4K,98
801,802,rupalchoudharytd,RupalChoudhary TD,13.3M,India,300.6K,22.9K,122
802,80383,prantoniojunior,Pastor Antônio Júnior,13.3M,Brazil,245.9K,30.6K,1.1K
803,804923,NickPro,Nick Pro,13.2M,United States,18.9M,477.4K,196
804,805,WiederDude,WiederDude,13.2M,United States,0,0,0
805,806817,Caylus,Caylus,13.2M,United States,475.1K,12K,738
806,807145,MARIANAMIAMORCH,MARIANA,13.2M,Mexico,571.3K,35.5K,139
807,808,knowledgetvhindi001, Knowledge Tv हिन्दी,13.2M,India,63.1K,2.4K,103
808,809,DJKhaledOfficial,DJ Khaled,13.2M,United States,45.6K,1.8K,127
809,810331,spider-maaaaaaan,spider-maaaaaaan / スパイダーメーン,13.2M,Japan,1.5M,39.8K,72
810,81171,mariano_razo,Mariano Razo,13.2M,Mexico,3M,188.4K,795
811,812,AlArabiya,AlArabiya العربية,13.2M,Morocco,5.3K,95,6
812,813,redetv,RedeTV,13.2M,Brazil,2.5K,90,2
813,8141909,CznBurak,Czn Burak,13.2M,Turkey,874.5K,58.6K,1.2K
814,81516,LizaBaez,Liza Baez,13.2M,Mexico,884.2K,110.9K,950
815,816148,klara_tania,Klara Tania,13.2M,Indonesia,808.3K,41K,268
816,817378,Davie504,Davie504,13.2M,United States,0,0,0
817,818,JesseAndMike,JesseAndMike,13.2M,United States,190.3K,3.3K,122
818,819,zeetamil,Zee Tamil,13.1M,India,3.1K,58,1
819,820500,Chustertv,Chuster,13.1M,Spain,1.6M,90.4K,227
820,821,DuoTiempoDeSol,Duo Tiempo De Sol,13.1M,,62.6K,194,0
821,822,dianaandromaind5591,Diana and Roma IND,13.1M,,233.9K,391,0
822,823,CuteWolfVideos,Wolfoo Channel,13.1M,,49.7K,141,0
823,824,TopViralTalentYT,Top Viral Talent,13M,United States,16.4K,213,8
824,825,gymvirtual,gymvirtual,13M,Mexico,55.3K,1.9K,48
825,826,ColeAndSav,The LaBrant Fam,13M,United States,326.4K,11K,0
826,827,KiryaKolesnikov,Kirya Kolesnikov,13M,United States,52.8K,1.8K,7
827,828,MoniLinaFamily,MoniLina,13M,India,161.6K,4.1K,9
828,829,Behindwoodstv,BehindwoodsTV,13M,,11.9K,345,1
829,830,NbaYoungBoy,YoungBoy Never Broke Again,13M,United States,0,0,0
830,831530,francoescamilla,Franco Escamilla,13M,Mexico,443.5K,10.2K,252
831,8329,dhruvrathee,Dhruv Rathee,13M,India,6.2M,317.5K,10K
832,833534,sulgiyang,설기양SULGI,13M,United States,490.8K,8.4K,353
833,834,officialjassrecords,Jass Records,13M,India,14.3K,812,8
834,835,bibotoyskor,BIBO와 장난감,12.9M,,8.8K,0,0
835,836,janesergo,Jane & Sergio 🥰,12.9M,United States,78.3K,1.8K,9
836,837,HeidiandZidaneEsp,Heidi y Zidane,12.9M,,55K,282,0
837,838,TalkingAngela,Talking Angela,12.9M,United States,48.3K,414,0
838,839,MundoBita,Mundo Bita,12.9M,,139.8K,2.9K,0
839,840,MoonbugKids_SingAlongWithMe,Moonbug Kids - Sing Along With Me!,12.9M,,53.6K,107,0
840,841,FreeFireIndiaOfficial,Free Fire India Official,12.8M,India,628.9K,59.8K,872
841,842,GustavoParodiasOficial,Gustavo Paródias,12.8M,Brazil,173.5K,8K,33
842,843306,FamilyFitnessChannel,Family Fitness,12.8M,India,324.6K,14.7K,584
843,844,BlossomTV,Blossom,12.8M,United States,22.1K,678,4
844,845319,EnglishConnectionByKanchan,English Connection,12.8M,India,219.8K,15.7K,254
845,846,MrSuicideSheep,MrSuicideSheep,12.8M,United States,39.9K,1.8K,33
846,847,TroomTroom_India,Troom Troom India,12.8M,India,23.4K,271,7
847,848,watchHitsHD,Captain Watch Hits,12.8M,India,1.3M,12K,482
848,84979,Littleglove,LittleGlove,12.8M,India,1M,56.5K,173
849,850,NANDO,NANDO,12.8M,Colombia,404.1K,15.2K,242
850,851,elliegouldingofficial,Ellie Goulding,12.8M,United States,12.1K,775,37
851,852,AdexeyNau,Adexe & Nau,12.8M,Mexico,15K,1.7K,65
852,853,NDTV,NDTV,12.8M,India,1.5K,11,1
853,854985,piuzinho,Piuzinho,12.8M,Brazil,396.9K,87.1K,4.2K
854,855,FirstWeFeast,First We Feast,12.8M,United States,165.1K,6.1K,100
855,856,refugiomental6818,#Refúgio Mental,12.8M,Brazil,143K,2.7K,28
856,857,ZeeKids,Zee Kids,12.7M,,203.1K,3.3K,0
857,858,FlowersComedy,Flowers Comedy,12.7M,India,102.3K,1K,156
858,8591464,Morgz,Morgz,12.7M,,1.4M,45.7K,161
859,8601442,justinflom,Justin Flom,12.7M,United States,582K,18.4K,166
860,8617,NITINFREEFIRE,NITIN FREE FIRE,12.7M,India,1.6M,193.6K,3.7K
861,862,nhstudioz,NH Studioz,12.7M,India,15.7K,89,4
862,863,WaveMusicBhakti,Wave Music Bhakti ,12.7M,,3.7K,62,4
863,864,DRJRecordsspecials,DRJ Records Specials ,12.7M,India,8.4K,47,2
864,865,Yair17,Yair17,12.6M,Mexico,153.8K,13.4K,379
865,866,bharatzkitchenHINDI,bharatzkitchen HINDI,12.6M,India,214.5K,4K,189
866,867151,MasSKabeche,Más SKabeche,12.6M,Mexico,789.4K,36K,763
867,868283,redbull,Red Bull,12.6M,United States,1.1M,36.8K,289
868,869,TheDaniRep,DaniRep | +6 Vídeos Diarios De GTA 5 Online!,12.6M,Mexico,190.4K,20.8K,88
869,8701064,TimbaVk,Timba Vk,12.6M,Mexico,426.2K,13.4K,416
870,871,parafernalha,Parafernalha,12.6M,Brazil,70.7K,5.3K,40
871,87268,NasDaily,Nas Daily,12.6M,United States,387.4K,17.4K,724
872,873,TroomTroom_Indonesia,Troom Troom Indonesia,12.6M,Indonesia,41.1K,532,16
873,874,casey,CaseyNeistat,12.6M,United States,176.2K,10.1K,351
874,875424,RachitRojha,Rachit Rojha,12.6M,India,1.4M,38.6K,1.1K
875,876,BiperYSusAmigos,Biper y sus Amigos,12.6M,,119.7K,0,0
876,877,parislifestyle7488,Pari's Lifestyle,12.6M,India,543.4K,5.3K,278
877,878,LittleTreehouseNurseryRhymes,Little Treehouse Nursery Rhymes and Kids Songs,12.6M,,58.4K,197,0
878,879,HeroMovies2023,Hero Movies 2023,12.6M,India,7.5K,222,2
879,880,aljazeera,AlJazeera Arabic  قناة الجزيرة,12.6M,Morocco,8K,120,17
880,8811195,WildNOut,Wild 'N Out,12.6M,United States,196.7K,6.2K,174
881,8822759,jtcasey,JT Casey,12.6M,United States,205.8K,7.8K,134
882,883,hzhtubekidsfun,Heidi and Zidane HZHtube,12.6M,,62.6K,1.2K,0
883,884290,gibby,Gibby :),12.6M,Mexico,157.4K,7.1K,462
884,885,QuantumTech,Quantum Tech HD,12.6M,United States,146.3K,2.3K,40
885,886,TroomTroom_Pt,Troom Troom PT,12.6M,Brazil,47.2K,1.1K,15
886,887,CHHOTUKIMASTI,CKM,12.6M,India,698.3K,6K,85
887,888198,colinfurze,colinfurze,12.6M,United States,1.8M,99.7K,4.2K
888,889461,PeopleVsFood,People Vs Food,12.6M,United States,245.4K,11.1K,329
889,890,TeremokTV,Теремок ТВ,12.5M,,105.4K,290,0
890,891,healthtime6469,Health Time,12.5M,India,3.5K,123,4
891,892,AvrilLavigne,Avril Lavigne,12.5M,United States,56K,6K,204
892,893,DisneyChannelUK,DisneyChannelUK,12.5M,,16.2K,531,0
893,894,pocoyo,POCOYÓ en ESPAÑOL - Canal Oficial,12.5M,,359.2K,2.9K,0
894,895,GoldminesActionMovies,GoldminesAction,12.5M,,5.9K,121,0
895,896,LittleBabyBumEspanol,Little Baby Bum en Español,12.5M,,7.7K,17,0
896,897,CalvinHarrisVEVO,CalvinHarrisVEVO,12.5M,United States,79.6K,3.7K,161
897,898,ctctv,CTC,12.5M,Russia,33.3K,1.6K,16
898,8991961,scottsreality,scottsreality,12.5M,United States,5.5M,131.8K,461
899,900,GrandmasterJinBodhi,Grandmaster JinBodhi Main Channel,12.5M,Singapore,28.4K,589,22
900,901,Baby_Jenny,Wolfoo Family,12.5M,,11.6K,55,0
901,902,rathorvideo,Rathore Cassettes,12.5M,India,5.6K,58,4
902,903,eltrece,El Trece,12.4M,,1.4K,14,3
903,904,TheKingofRandom,TKOR,12.4M,United States,33.5K,1K,66
904,9054451,Vendyyaduwanshi,VENDY YADUWANSHI,12.4M,India,280.9K,34.1K,67
905,906908,FarjanaDrawingAcademy,Farjana Drawing Academy,12.4M,India,404.9K,25.4K,301
906,907,ArynewsTvofficial,ARY News,12.4M,Pakistan,3.5K,72,2
907,908285,MakeJokeOf,Make Joke Of,12.4M,India,7.7M,345.2K,12K
908,9093667,LOUDgg,LOUD,12.4M,Brazil,295.3K,21.7K,222
909,910167,JoojNatu,Jooj Natu,12.4M,Brazil,2.4M,231K,815
910,911,TalentRecap,Talent Recap,12.4M,United States,34.2K,458,23
911,912309,OliviaRodrigo,Olivia Rodrigo,12.4M,United States,1.7M,75.1K,2.1K
912,91388,WatchMeOff,Watch Me,12.4M,Russia,1.6M,32.4K,95
913,914,IceCreamRolls,Ice Cream Rolls,12.4M,United States,17.3K,591,29
914,915,_gogo2728,gogo 2728,12.4M,India,104.1K,9.9K,41
915,916,LuanSantana,Luan Santana,12.4M,Brazil,28.3K,3.1K,176
916,917,NirahuaMusic,Nirahua Music World,12.4M,India,1.3M,9K,230
917,91821,FilmTheory,The Film Theorists,12.4M,United States,1.2M,72.9K,2.2K
918,919,HISTORY,HISTORY,12.4M,United States,94.8K,1.9K,146
919,920,NattiNatasha,NATTI NATASHA ,12.4M,United States,66.8K,3.8K,71
920,921,123GO_,123 GO!,12.4M,United States,132.7K,674,27
921,922,belabagunca,Bela Bagunça,12.4M,Brazil,129.5K,4.5K,84
922,923,BlackEyedPeas,Black Eyed Peas,12.4M,United States,9.5K,505,9
923,924,CaptainComedy545,Comedy Captain,12.4M,India,0,0,0
924,925,InsideEdition,Inside Edition,12.4M,United States,65.8K,1.7K,164
925,9262189,Panda.,Panda,12.4M,India,750.2K,77.1K,403
926,927,JugnuKidsrhymes,Jugnu Kids - Nursery Rhymes and Best Baby Songs,12.3M,,68.9K,1.3K,0
927,928,linhnhishorts,Linh Nhi Shorts,12.3M,United States,489.9K,8.3K,6
928,929,MBCMASRtv,MBC مصر,12.2M,Egypt,2.5K,43,2
929,930446,Lulu99,Lulu99,12.2M,Colombia,574.6K,30.4K,708
930,931,LipaoGamer,LipaoGamer,12.2M,Brazil,126.8K,5K,90
931,932,lilwayne,Lil Wayne,12.2M,United States,213.2K,12.2K,616
932,933,Aniruddhacharyaji,Aniruddhacharya ji,12.2M,India,133.1K,4K,192
933,934,itsxomgpop,XOMG POP!,12.2M,,44.4K,1.7K,62
934,935,yogawithadriene,Yoga With Adriene,12.2M,United States,187.6K,6.2K,292
935,936226,SPDNOO1,SpriteDer SPD,12.2M,Thailand,1.5M,65.6K,142
936,937,bbcearth,BBC Earth,12.2M,United States,60.1K,1.3K,103
937,938,telugufilmnagar,Telugu Filmnagar,12.2M,India,3.4K,55,1
938,939,MUSATANVEER,Entertainment with Musa,12.2M,Pakistan,150.8K,2.1K,41
939,940,brancoala,Brancoala,12.2M,Brazil,216.5K,5.8K,139
940,941,KooKooTvHindi,Koo Koo TV - Hindi,12.2M,India,251.6K,2.2K,90
941,942,DANIELELTRAVIESOVIDEOS,DANIEL EL TRAVIESO VIDEOS,12.2M,Colombia,0,0,0
942,94320,flamingo,Flamingo,12.2M,United States,1.7M,69.4K,8.1K
943,944,OumWalidcuisine,Oum Walid,12.2M,Algeria,346.6K,16.3K,786
944,94542,elrubius,Rubius Z,12.2M,Mexico,1.1M,86.4K,940
945,946,MashaBearHINDI,माशा एंड द बेयर,12.1M,,90.4K,1.4K,0
946,947550,TWOSIDEGAMERS,TWO SIDE GAMERS,12.1M,India,219.2K,19.4K,580
947,948,itsbrothersvlog,BROTHERS VLOG,12.1M,,3.6M,0,27
948,949,Super_Senya_RU,Super Senya RU,12.1M,,34.7K,147,0
949,950,UTKARSHCLASSES13,Utkarsh Classes,12.1M,India,74.9K,5.8K,139
950,951,HiTechIslamic,Hi-Tech Islamic Naat,12.1M,Pakistan,78.6K,951,62
951,952,HeeraGoldOfficial,Heera Gold,12.1M,Pakistan,37.5K,1.7K,114
952,953,CarryisLive,CarryisLive,12M,India,422.7K,38.3K,228
953,954,Family-Box,Family Box,12M,Russia,170.3K,6.1K,94
954,9553579,dojacat,Doja Cat,12M,United States,8.1M,241.2K,40.9K
955,956329,dobrebrothers,Dobre Brothers,12M,United States,248.3K,10.4K,392
956,957,TheViralFever,The Viral Fever,12M,India,65.1K,2.5K,13
957,958,CrazyRussianHacker,CrazyRussianHacker,12M,United States,51.6K,1.1K,40
958,959,tsmadaan,TsMadaan,12M,India,14.1K,743,53
959,960,klunatik,Kluna Tik,12M,United States,184.8K,2.7K,192
960,961416,AnnoyingOrange,Annoying Orange,12M,United States,212.4K,8.4K,464
961,962,SaregamaHumBhojpuri,Saregama Hum Bhojpuri,12M,India,46K,2.3K,41
962,963,timesmusicindia,Times Music,12M,India,6.5K,252,7
963,964,ChainsmokersVEVO,ChainsmokersVEVO,12M,United States,545.2K,19.1K,706
964,965,TeremokSongs,Теремок - Песенки для детей,12M,Russia,72.3K,168,0
965,966,sbt,SBT,12M,Brazil,1.6K,112,7
966,967,PlanetEarthINDIA,Planet Earth INDIA,12M,India,11.5K,512,43
967,968,BS_Arabic,الجانب المُشرق | Bright Side Arabic,12M,Egypt,6.7K,168,9
968,969,deepalimarkam1,Deepali Markam,12M,India,1.1M,0,206
969,9708,NickDiGiovanni,Nick DiGiovanni,12M,United States,4M,310.1K,2.1K
970,971236,M4Techofficial,M4 Tech,12M,India,895.1K,39.2K,865
971,9721730,Jackdohertyy,Jack Doherty,12M,United States,1.1M,49.6K,432
972,973,CNCOMusic,CNCO,12M,Mexico,6.6K,1.6K,49
973,974,SingleTrackStudioz,Single Track Studio,12M,India,24.7K,377,16
974,975,Enterr10Rangeela,Enterr10 Rangeela,12M,India,16.8K,380,4
975,976888,mmdcrew,MORGENSHTERN,12M,Russia,2.3M,132.2K,1.2K
976,97765,Adaahqueen,Adaah Queen,11.9M,India,1.4M,104.3K,212
977,978,oggy,OGGY,11.9M,,254.6K,1.9K,0
978,979,FrontaLGaming,FrontaL Gaming,11.9M,,72.2K,2.5K,102
979,980,user-tt5ge5fj4i,블라드와 니키타,11.9M,,53.4K,283,0
980,981,videogyan,Videogyan Kids - Learning Videos & Nursery Rhymes,11.9M,,1.6M,33.6K,0
981,982,cute.shivani.05,Cute.Shivani.05,11.9M,India,1.9M,0,940
982,983,sagahits,SagaHits,11.9M,India,8.7K,371,6
983,984,DemiLovatoVEVO,DemiLovatoVEVO,11.9M,Brazil,0,0,0
984,985,toysplay,ToysPlay,11.9M,,171.9K,511,0
985,986,GoldminesHousefull,Goldmines Housefull,11.9M,,8.3K,0,0
986,987,PeppaPigHindiOfficial,Peppa Pig Hindi,11.9M,,103.6K,761,0
987,988,StarBharat,STAR भारत,11.9M,India,30.1K,574,12
988,989,KaKaKidsTV,KaKa Kids TV - Nursery Rhymes Kids Animated Songs,11.9M,,15.4K,363,0
989,990,NFL,NFL,11.8M,United States,26.3K,772,54
990,991405,HikakinTV,HikakinTV,11.8M,Japan,2.9M,66.9K,2.6K
991,992,GarenaFreeFireLATAM,Garena Free Fire LATAM,11.8M,Mexico,39.8K,2.6K,38
992,993622,hamzymukbang,[햄지]Hamzy,11.8M,United States,297.2K,10.7K,101
993,994248,lukedavidson81,Luke Davidson,11.8M,United States,1.7M,121.7K,1K
994,995,KenhThieuNhiBHMedia,Kênh Thiếu Nhi - BHMEDIA,11.8M,United States,10.2K,28,0
995,996,VYRLOriginals,VYRLOriginals,11.8M,India,21.3K,1.3K,121
996,9973,mussoumano,Mussoumano,11.8M,Brazil,1.7M,61.1K,2.4K
997,998,MykeTowers,Myke Towers,11.8M,Colombia,9.8K,570,17
998,9993928,RedChilliesEntertainment,Red Chillies Entertainment,11.8M,India,649.7K,52K,733
999,10001528,ankitabhawsar,Ankita Bhawsar,11.8M,India,25.1K,780,25
